{
  "manifest.json": 1717832080776,
  "model/models.js": 1717701559717,
  "controller/Details.controller.js": 1717701685357,
  "controller/Dashboard.controller.js": 1717701745917,
  "controller/Complaint.controller.js": 1717832048021,
  "controller/App.controller.js": 1717701559721,
  "i18n/i18n.properties": 1717705805685,
  "Component.js": 1717701559709,
  "Component-dbg.js": 1717701559709,
  "Component.js.map": 1717832080946,
  "controller/Details-dbg.controller.js": 1717701685357,
  "controller/Details.controller.js.map": 1717832080958,
  "controller/Dashboard-dbg.controller.js": 1717701745917,
  "controller/Dashboard.controller.js.map": 1717832080961,
  "controller/Complaint-dbg.controller.js": 1717832048021,
  "controller/Complaint.controller.js.map": 1717832080984,
  "controller/App-dbg.controller.js": 1717701559721,
  "controller/App.controller.js.map": 1717832080948,
  "model/models-dbg.js": 1717701559717,
  "model/models.js.map": 1717832080951,
  "Component-preload.js": 1717832081191,
  "Component-preload.js.map": 1717832081191,
  "view/Details.view.xml": 1717701836416,
  "view/Dashboard.view.xml": 1717831298296,
  "view/Complaint.view.xml": 1717701811480,
  "view/App.view.xml": 1717701559721,
  "css/style.css": 1717701559721,
  "index.html": 1717701559709
}