{
  "view/App.view.xml": 1717701559721,
  "Component.js": 1717701559709,
  "controller/Details.controller.js": 1717701685357,
  "controller/Dashboard.controller.js": 1717701745917,
  "controller/Complaint.controller.js": 1717781179066,
  "controller/App.controller.js": 1717701559721,
  "manifest.json": 1717829715127,
  "model/models.js": 1717701559717,
  "controller/App-dbg.controller.js": 1717701559721,
  "controller/App.controller.js.map": 1717829715345,
  "controller/Details-dbg.controller.js": 1717701685357,
  "controller/Details.controller.js.map": 1717829715362,
  "controller/Dashboard-dbg.controller.js": 1717701745917,
  "controller/Dashboard.controller.js.map": 1717829715369,
  "controller/Complaint-dbg.controller.js": 1717781179066,
  "controller/Complaint.controller.js.map": 1717829715385,
  "Component-dbg.js": 1717701559709,
  "Component.js.map": 1717829715350,
  "model/models-dbg.js": 1717701559717,
  "model/models.js.map": 1717829715353,
  "Component-preload.js": 1717829715674,
  "Component-preload.js.map": 1717829715674,
  "view/Details.view.xml": 1717701836416,
  "view/Dashboard.view.xml": 1717829673922,
  "view/Complaint.view.xml": 1717701811480,
  "i18n/i18n.properties": 1717705805685,
  "css/style.css": 1717701559721,
  "index.html": 1717701559709
}