{
  "controller/Complaint.controller.js.map": 1717705919992,
  "model/models.js": 1717701559717,
  "controller/Details.controller.js": 1717701685357,
  "controller/Dashboard.controller.js": 1717701745917,
  "controller/Complaint.controller.js": 1717701716581,
  "controller/App.controller.js": 1717701559721,
  "manifest.json": 1717705919453,
  "Component.js": 1717701559709,
  "controller/Details-dbg.controller.js": 1717701685357,
  "controller/Details.controller.js.map": 1717705919932,
  "model/models-dbg.js": 1717701559717,
  "model/models.js.map": 1717705919891,
  "controller/Dashboard-dbg.controller.js": 1717701745917,
  "controller/Dashboard.controller.js.map": 1717705919923,
  "controller/Complaint-dbg.controller.js": 1717701716581,
  "i18n/i18n.properties": 1717705805685,
  "controller/App-dbg.controller.js": 1717701559721,
  "controller/App.controller.js.map": 1717705919895,
  "Component-dbg.js": 1717701559709,
  "Component.js.map": 1717705919907,
  "Component-preload.js": 1717705920353,
  "Component-preload.js.map": 1717705920353,
  "view/Details.view.xml": 1717701836416,
  "view/Dashboard.view.xml": 1717701856816,
  "view/Complaint.view.xml": 1717701811480,
  "view/App.view.xml": 1717701559721,
  "css/style.css": 1717701559721,
  "index.html": 1717701559709
}